"","Unknown","Acidaminococcus","Acinetobacter","Actinomyces","Agrobacterium","Akkermansia","Aliivibrio","Alistipes","Alkanindiges","Anaerofilum","Anaerofustis","Anaerostipes","Anaerotruncus","Atopobium","Azospirillum","Bacillus","Bacteroides","Bifidobacterium","Bilophila","Blautia","Bradyrhizobium","Butyricimonas","Campylobacter","Capnocytophaga","cc_115","Clostridium","Collinsella","Coprobacillus","Coprococcus","Corynebacterium","Cryocola","Dehalobacterium","Deinococcus","Desulfovibrio","Devosia","Dialister","Dorea","Eggerthella","Eikenella","Enterococcus","Escherichia","Eubacterium","Faecalibacterium","Fusobacterium","Granulicatella","Haemophilus","HigherGenus","Holdemania","Jeotgalicoccus","Lachnobacterium","Lachnospira","Lactobacillus","Lactococcus","Leptotrichia","Leuconostoc","Lysobacter","Massilia","Megamonas","Mycobacterium","Mycoplana","Neisseria","Odoribacter","Oribacterium","Oscillospira","Oxalobacter","Paenibacillus","Parabacteroides","Paracoccus","Parvimonas","Pediococcus","Phascolarctobacterium","Phenylobacterium","Pleomorphomonas","Prevotella","Propionibacterium","Pseudomonas","Pyramidobacter","Ralstonia","Rhodoferax","Roseburia","Rothia","Rubellimicrobium","Ruminococcus","Sarcina","Slackia","SMB53","Sphingomonas","Staphylococcus","Streptococcus","Succiniclasticum","Sutterella","Turicibacter","Veillonella"
"SC249358","  24","   0","   0","   0","   0","  17","   0","   0","   0","   0","   0","   0","   0","   0","   0","   0","2166"," 177"," 304","  60","   0","   0","   0","   0","   0","   0","   4"," 782"," 573","   0","   0","   0","   0","   0","   0","   3","   6","   0","   0"," 468","2082","   0"," 103","4675","   0","   0","3642","   0","   0","   0","  12"," 361","   0","   0","   0","   0","   0","   0","   0","   0","   0","   0","   0","   4","   0"," 637","2497","   0","   0"," 544","   3","   0","   0","   0","   0","   0","  65"," 487","   0"," 101","   0","   0"," 171","   0","   0","   0","   0","   0","   4","   0","   0","   0","   0"
"SC249362-PC04924-E-01","   0","   0","   0","   0","   0","   0","   0","   0","   0","   0","   0","   0","   0","   0","   0","3045","   3","   0","   0","   0","   0","   0","   0","   0","   0","   0","   0","   0","   0","   0","   0","   0","   0","   0","   0","   0","   0","   0","   0","1921","4205","   0","   0","   2","   0","   0","6522","   0","   0","   0","   0","2636","   0","   0","   0","   0","   0","   0","   0","   0","   0","   0","   0","   0","   0","   0","   3","   0","   0","   0","   0","   0","   0","   0","   0"," 483","   0","   0","   0","   0","   0","   0","   2","   0","   0","   0","   0","1171","   0","   0","   0","   0","   0"
"SC249363"," 136","   0","   0","   0","   0","   0","   0","   0","   0","   0","   0","   0","   0","   0","   0","   0","2006"," 288"," 436","   0","   0","   0","   0","   0","   0","   0","   2"," 697"," 443","   0","   0","   0","   0","   0","   0","   0","   0","   0","   0"," 315","2258","   0","   0","4965","   0","   0","2016","   0","   0","   0","   0"," 809","   0","   0","   0","   0","   0","   0","   0","   0","   0","   0","   0","   0","   0"," 690","3513","   0","   0"," 438","   0","   0","   0","   0","   0","   0"," 132"," 841","   0","   0","   0","   0","   0","   0","   0","   0","   0","   0","   0","   0","   0","   0","   0"
"SC249368-PC04924-B-02","   0","   0","   0","   0","   0","   0","   0","   0","   0","   0","   0","   0","   0","   0","   0","1700","   0","   0","   0","   0","   0","   0","   0","   0","   0","   0","   0","   0","   0","   0","   0","   0","   0","   0","   0","   0","   0","   0","   0","1315","4912","   0","   0","   1","   0","   0","6836","   0","   0","   0","   0","3698","   0","   0","   0","   0","   0","   0","   0","   0","   0","   0","   0","   0","   0","   0","   0","   0","   0","   0","   0","   0","   0","   0","   0"," 676","   0","   0","   0","   0","   0","   0","   0","   0","   0","   0","   0"," 857","   0","   0","   0","   0","   0"
"SC249383"," 281","   0","   0","   0","   0"," 143","   0","   0","   0","   0","   0","   0","   0","   0","   0","   4","2305","  79"," 511","  72","   0","   0","   0","   0","   0","   0","   3"," 555"," 256","   0","   0","   0","   0","   0","   0","   9","   5","   0","   0"," 265","2578","   0"," 250","4020","   0","   0","3330","   0","   0","   0","  16"," 357","   0","   0","   0","   0","   0","   0","   0","   0","   0","   0","   0","  23","   3"," 765","2712","   0","   0"," 362","  10","   0","   0","   0","   0","   5"," 106"," 583","   0"," 204","   0","   0"," 126","   0","   0","   0","   0","   8","   4","   0","   0","   0","   0"
"SC249388"," 140","   0","   0","   0","   0","  19","   0","   0","   0","   0","   0","   0","   0","   0","   0","   0","2060"," 121"," 463","  16","   0","   0","   0","   0","   0","   0","   0"," 787"," 227","   0","   0","   0","   0","   0","   0","   0","   2","   0","   0"," 285","3366","   0"," 164","3875","   0","   0","2771","   0","   0","   0","  14"," 299","   0","   0","   0","   0","   0","   0","   0","   0","   0","   0","   0","  12","   0"," 764","3365","   0","   0"," 389","   5","   0","   0","   0","   0","   0","  80"," 570","   0","  85","   0","   0","  83","   0","   0","   0","   0","   0","   0","   0","   0","   0","   0"
"SC249390","   0","   0","   0","   0","   0","   3","   0","   0","   0","   0","   0","   0","   0","   0","   0","1421","  30","   0","   0","  13","   0","   0","   0","   0","   0","   0","   0","   0","  10","   0","   0","   0","   0","   0","   0","   0","   0","   0","   0","1056","4734","   0","  35","   3","   0","   0","7003","   0","   0","   0","   0","3374","   0","   0","   0","   0","   0","   0","   0","   0","   0","   0","   0","   1","   0","   0","   7","   0","   0","   0","   0","   0","   0","   0","   0"," 534","   0","   1","   0","   0","   0","   0","  11","   0","   0","   0","   0","1750","   0","   0","   0","   0","   0"
"SC249391-PC04924-D-03","  12","   0","   0","   0","   0","   8","   0","   0","   0","   0","   0","   0","   0","   0","   0","1140","  30","   0","   2","  12","   0","   0","   0","   0","   0","   0","   0","   0","  12","   0","   0","   0","   0","   0","   0","   0","   0","   0","   0","1011","4559","   0","  40","   2","   0","   0","6760","   0","   0","   0","   0","4411","   0","   0","   0","   0","   0","   0","   0","   0","   0","   0","   0","   0","   0","   0","   6","   0","   0","   0","   0","   0","   0","   0","   0"," 498","   0","   0","   0","  16","   0","   0","  22","   0","   0","   0","   0","1444","   0","   0","   0","   0","   0"
"SC249393","2114","   0","   0","   0","   0","1170","   0","   1","   0","   0","   0","  25","   0","   0","   1","   2","3467","   0","  34","1004","   0","   0","   0","   0","   0","  37","   4","   0","1137","   0","   0","   0","   0","   0","   0","  75","  50","   0","   0","   0"," 119","   2","2515","   2","   0","   2","2767","  10","   0","   7"," 317","   3","   0","   0","   0","   0","   2","   0","   0","   0","   0","   7","   0"," 391","  19","   0"," 234","   2","   0","   0","  99","   0","   0","   0","   0","   1","   0","   0","   0","2194","   0","   0","1987","   0","   0","   3","   0","   0","  77","  16","   5","   0","   0"
"SC249408-PC04924-C-05","   0","   0","   0","   0","   0","   0","   0","   0","   0","   0","   0","   0","   0","   0","   0","1213","   0","   0","   0","   0","   0","   0","   0","   0","   0","   0","   0","   0","   0","   0","   0","   0","   0","   0","   0","   0","   0","   0","   0"," 707","4469","   0","   0","   0","   0","   0","6436","   0","   0","   0","   0","3600","   0","   0","   0","   0","   0","   0","   0","   0","   0","   0","   0","   0","   0","   0","   0","   0","   0","   0","   0","   0","   0","   0","   0","2788","   0","   0","   0","   0","   0","   0","   3","   0","   0","   0","   0"," 776","   0","   0","   0","   0","   0"
"SC249409"," 122","   0","   0","   0","   0","   3","   0","   0","   0","   0","   0","   0","   0","   0","   0","   0","1997","  88"," 741","   0","   0","   0","   0","   0","   0","   0","  16"," 472"," 455","   0","   0","   0","   0","   0","   0","   0","   0","   0","   0"," 195","2877","   0","   1","3976","   0","   0","2689","   0","   0","   0","   0"," 266","   0","   0","   0","   0","   0","   0","   0","   0","   0","   0","   0","   0","   0"," 680","3463","   0","   0"," 206","   0","   0","   0","   0","   0","   0","  77","1658","   0","   2","   0","   0","   0","   0","   0","   0","   0","   2","   0","   0","   0","   0","   0"
"SC249412","  24","   0","   0","   0","   0","  17","   0","   0","   0","   0","   0","   0","   0","   0","   0","1043","  52","   0","   0","  13","   0","   0","   0","   0","   0","   0","   0","   0","   8","   0","   0","   0","   0","   0","   0","   0","   0","   0","   0"," 732","4155","   0","  26","   0","   0","   0","6148","   0","   0","   0","  15","4022","   0","   0","   0","   0","   0","   0","   0","   0","   0","   0","   0","   0","   0","   0","   4","   0","   0","   0","   0","   0","   0","   0","   0","2853","   0","   0","   0","  15","   0","   0","  21","   0","   0","   0","   0"," 828","   3","   0","   0","   0","   0"
"SC249413"," 210","   0","   0","   0","   0","   3","   0","   0","   0","   0","   0","   0","   0","   0","   0","   0","1943","  96"," 880","   0","   0","   0","   0","   0","   0","   0","  11"," 594"," 492","   0","   0","   0","   0","   0","   0","   0","   0","   0","   0"," 119","2753","   0","   2","4187","   0","   0","2071","   0","   0","   0","   0"," 728","   0","   0","   0","   0","   0","   0","   0","   0","   0","   0","   0","   0","   0"," 889","3158","   0","   0"," 162","   0","   0","   0","   0","   0","   1"," 156","1529","   0","   0","   0","   0","   2","   0","   0","   0","   0","   0","   0","   0","   0","   0","   0"
"SC249415","2462","   0","   0","   0","   0","1580","   0","   0","   0","   0","   0","  41","   0","   0","   0","   5","3363","   0","  69"," 663","   0","   0","   0","   0","   0","  23","   7","   0"," 631","   0","   0","   0","   0","   0","   0"," 222","  76","   0","   0","   6"," 635","   0","1782","   0","   0","   6","3451","  12","   0","   0"," 503","   7","   0","   0","   0","   0","   0","   0","   0","   0","   0","   0","   0"," 346","  27","   0"," 374","   0","   0","   0"," 176","   0","   0","   0","   0","   5","   0","   0","   0","1651","   0","   0","1724","   0","   0","   0","   0","  10","  57","   0","   0","   0","   1"
"SC249420-PC04924-G-06","   0","   0","   0","   0","   0","   0","   0","   0","   0","   0","   0","   0","   0","   0","   0","1244","   0","   0","   0","   0","   0","   0","   0","   0","   0","   0","   0","   0","   0","   0","   0","   0","   0","   0","   0","   0","   0","   0","   0"," 552","4695","   0","   0","   0","   0","   0","6988","   0","   0","   0","   0","3647","   0","   0","   0","   0","   0","   0","   0","   0","   0","   0","   0","   0","   0","   0","   0","   0","   0","   0","   0","   0","   0","   0","   0","2187","   0","   0","   0","   0","   0","   0","   1","   0","   0","   0","   0"," 680","   0","   0","   0","   0","   0"
"SC249425","   0","   0","   0","   0","   0","   0","   0","   0","   0","   0","   0","   0","   0","   0","   0","1204","   5","   0","   0","   0","   0","   0","   0","   0","   0","   0","   0","   0","   0","   0","   0","   0","   0","   0","   0","   0","   0","   0","   0"," 704","4533","   0","   0","   0","   0","   0","6451","   0","   0","   0","   0","3633","   0","   0","   0","   0","   0","   0","   0","   0","   0","   0","   0","   0","   0","   0","   0","   0","   0","   0","   0","   0","   0","   0","   0","2639","   0","   0","   0","   0","   0","   0","   0","   0","   0","   0","   0"," 825","   0","   0","   0","   0","   0"
"SC249427"," 164","   0","   0","   0","   0","   0","   0","   0","   0","   0","   0","   0","   0","   0","   0","   0","1985"," 106"," 877","   0","   0","   0","   0","   0","   0","   0","   5"," 584"," 452","   0","   0","   0","   0","   0","   0","   0","   0","   0","   0"," 124","2686","   0","   0","4325","   0","   0","2229","   0","   0","   0","   0"," 711","   0","   0","   0","   0","   0","   0","   0","   0","   0","   0","   0","   0","   0"," 831","3050","   0","   0"," 120","   0","   0","   0","   0","   0","   3"," 140","1595","   0","   0","   0","   0","   0","   0","   0","   0","   0","   0","   0","   0","   0","   0","   0"
"SC249428"," 154","   0","   0","   0","   0","   2","   0","   0","   0","   0","   0","   0","   0","   0","   0","   1","2159"," 107"," 851","   0","   0","   0","   0","   0","   0","   0","  10"," 624"," 454","   0","   0","   0","   0","   0","   0","   0","   0","   0","   0"," 103","2440","   0","   4","4772","   0","   0","2020","   0","   0","   0","   0"," 466","   0","   0","   0","   0","   0","   0","   0","   0","   0","   0","   0","   0","   0"," 650","3293","   0","   0"," 168","   0","   0","   0","   1","   0","   1"," 142","1548","   0","   7","   0","   0","   4","   0","   0","   0","   0","   0","   0","   0","   0","   0","   0"
"SC249432-PC04924-A-08","   0","   0","   0","   0","   0","   1","   0","   0","   0","   0","   0","   0","   0","   0","   0","2512","   0","   0","   0","   4","   0","   0","   0","   0","   0","   0","   0","   0","   3","   0","   0","   0","   0","   0","   0","   0","   0","   0","   0","1914","2123","   0","  21","   0","   0","   0","6821","   0","   0","   0","   0","1164","   0","   0","   0","   0","   0","   0","   0","   0","   0","   0","   0","   0","   0","   0","   0","   0","   0","   1","   0","   0","   0","   0","   0","1332","   0","   0","   0","   7","   0","   0","  27","   0","   0","   0","   0","4056","   0","   0","   0","   0","   0"
"SC249434"," 172","   0","   0","   0","   0","   5","   0","   0","   0","   0","   0","   0","   0","   0","   0","   2","1515"," 406","1078","   9","   0","   0","   0","   0","   0","   0"," 102"," 300"," 234","   0","   0","   0","   0","   0","   0","   0","   0","   0","   0","1118","1928","   0","  28","3728","   0","   0","1892","   0","   0","   0","   0","1524","   0","   0","   0","   0","   0","   0","   0","   0","   0","   0","   0","   1","   0"," 416","2321","   0","   0","1382","   0","   0","   0","   0","   3","   0"," 459","1318","   0","  17","   0","   0","  19","   0","   0","   0","   0","   0","   0","   0","   0","   0","   0"
"SC249437-PC04924-F-08","   0","   0","   0","   0","   0","   0","   0","   0","   0","   0","   0","   0","   0","   0","   0","3630","   0","   0","   0","   0","   0","   0","   0","   0","   0","   0","   0","   0","   0","   0","   0","   0","   0","   0","   0","   0","   0","   0","   0","2144","1831","   0","   0","   0","   0","   0","6146","   0","   0","   0","   0","1002","   0","   0","   0","   0","   0","   0","   0","   0","   0","   0","   0","   0","   0","   0","   0","   0","   0","   0","   0","   0","   0","   0","   0","1149","   0","   0","   0","   0","   0","   0","   0","   0","   0","   0","   0","4093","   0","   0","   0","   0","   0"
"SC249438"," 897","   0","   0","   0","   0"," 474","   0","   0","   0","   0","   0","  28","   0","   0","   0","   4"," 287","   0","  18","2269","   0","   0","   0","   0","   0","  32","  27","   2","1503","   0","   0","   0","   0","   0","   0","  72"," 193","   0","   0","   8","  90","   0","3483","   2","   0","   0","2815","   0","   0","   0"," 148","   7","   0","   0","   0","   0","   0","   0","   0","   0","   0","   0","   0"," 172","   4","   0","  30","   0","   0","   0","  22","   0","   0","   0","   0","   2","   0","   0","   0","2566","   0","   0","4666","   0","   0","   0","   0","   7","  96","   0","   0","   0","   0"
"SC249439-PC04924-H-08"," 345","   0","   0","   0","   0"," 274","   0","   0","   0","   0","   0","   8","   0","   0","   0","  48","1282"," 343"," 700"," 258","   0","   0","   0","   0","   0","   5"," 106"," 234"," 613","   0","   0","   0","   0","   0","   0","  14","  23","   0","   0","1054","1541","   0","1205","2707","   0","   0","1895","   0","   0","   0","  39"," 526","   0","   0","   0","   0","   0","   0","   0","   0","   0","   0","   0","  63","   0"," 374","1877","   0","   0","1196","   8","   0","   0","   0","   3","  12"," 109","1026","   0"," 328","   0","   0","1648","   0","   0","   0","   0","  65","   8","   0","   0","   0","   0"
"SC249442","   1","   0","   0","   0","   0","   0","   0","   0","   0","   0","   0","   0","   0","   0","   0","3843","   0","   0","   0","  15","   0","   0","   0","   0","   0","   0","   0","   0","   4","   0","   0","   0","   0","   0","   0","   0","   2","   0","   0","2181","2416","   0","  15","   0","   0","   0","5861","   0","   0","   0","   0"," 907","   0","   0","   0","   0","   0","   0","   0","   0","   0","   0","   0","   0","   0","   0","   1","   0","   0","   0","   0","   0","   0","   0","   0","1555","   0","   0","   0","  12","   0","   0","  12","   0","   0","   0","   0","3162","   0","   0","   0","   0","   0"
"SC249443-PC04924-D-09"," 230","   0","   0","   0","   0","  46","   0","   0","   0","   0","   0","   0","   0","   0","   0"," 142","1021"," 500"," 680"," 504","   0","   0","   0","   0","   0","   8"," 214"," 235"," 540","   0","   0","   0","   0","   0","   0","   0","  49","   0","   0","1912","1843","   0"," 526","2369","   0","   0","2134","   0","   0","   0","   4"," 794","   0","   0","   0","   0","   0","   0","   0","   0","   0","   0","   0","  17","   0"," 271","1738","   0","   0","1820","   0","   0","   0","   0","   2","  40"," 152","1055","   0"," 496","   0","   0"," 419","   0","   0","   0","   0"," 156","  24","   0","   0","   0","   0"
"SC249446"," 605","   0","   0","   0","   0"," 321","   0","   0","   0","   0","   0","  14","   0","   0","   0","   9","1028"," 125"," 542","1194","   0","   0","   0","   0","   0","  19"," 163"," 145"," 850","   0","   0","   0","   0","   0","   0","  28"," 112","   0","   0","1448","1512","   0","1666","1691","   0","   0","2310","   4","   0","   3","  14"," 152","   0","   0","   0","   0","   0","   0","   0","   0","   0","   0","   0","  73","   0"," 230","1044","   0","   0","1112","   8","   0","   0","   0","   0","   2","  47"," 770","   0","1091","   0","   0","1513","   0","   0","   0","   0","  12","  65","   0","   0","   0","   0"
"SC249451-PC04924-C-10","   1","   0","   0","   0","   0","   0","   0","   0","   0","   0","   0","   0","   0","   0","   0","3639","   4","   0","   0","   0","   0","   0","   0","   0","   0","   0","   0","   0","   2","   0","   0","   0","   0","   0","   0","   0","   3","   0","   0","2235","2372","   0","   9","   0","   0","   0","5973","   0","   0","   0","   0"," 895","   0","   0","   0","   0","   0","   0","   0","   0","   0","   0","   0","   0","   0","   0","   0","   0","   0","   0","   0","   0","   0","   0","   0","1539","   0","   0","   0","   0","   0","   0","   9","   0","   0","   0","   0","3309","   0","   0","   0","   0","   0"
"SC253844","   0","   0","   0","   0","   0","   0","   0","   0","   0","   0","   0","   0","   0","   0","   0","1567","   3","   0","   0","   0","   0","   0","   0","   0","   0","   0","   0","   0","   0","   0","   0","   0","   0","   0","   0","   0","   0","   0","   0"," 792","4968","   0","   6","   0","   0","   0","7193","   0","   0","   0","   0","3315","   0","   0","   0","   0","   0","   0","   0","   0","   0","   0","   0","   0","   0","   0","   0","   0","   0","   0","   0","   0","   0","   0","   0"," 925","   0","   0","   0","   5","   0","   0","   3","   0","   0","   0","   0","1216","   0","   0","   0","   0","   0"
"SC253848","  97","   0","   0","   0","   0","   0","   0","   0","   0","   0","   0","   0","   0","   0","   0","   0","1370"," 375"," 574","   0","   0","   0","   0","   0","   0","   0","   0"," 670"," 391","   0","   0","   0","   0","   0","   0","   0","   0","   0","   0"," 202","1681","   0","   2","5519","   0","   0","1809","   0","   0","   0","   0","2981","   0","   0","   0","   0","   0","   0","   0","   0","   0","   0","   0","   0","   0"," 500","2513","   0","   0"," 268","   0","   0","   0","   0","   2","   0"," 523"," 512","   0","   0","   0","   0","   0","   0","   0","   0","   0","   0","   0","   0","   0","   0","   0"
"SC253851","  86","   0","   0","   0","   0","   0","   0","   0","   0","   0","   0","   0","   0","   0","   0","   0","2056"," 284"," 579","   0","   0","   0","   0","   0","   0","   0","   0"," 730"," 439","   0","   0","   0","   0","   0","   0","   0","   0","   0","   0"," 440","2437","   0","   0","4514","   0","   0","2657","   0","   0","   0","   0"," 669","   0","   0","   0","   0","   0","   0","   0","   0","   1","   0","   0","   0","   0"," 648","2946","   0","   0"," 513","   0","   0","   0","   0","   1","   0"," 124"," 863","   0","   0","   0","   0","   0","   0","   0","   0","   0","   0","   0","   0","   0","   0","   0"
"SC253854","   0","   0","   0","   0","   0","   1","   0","   0","   0","   0","   0","   0","   0","   0","   0","2284","   0","   0","   0","   0","   0","   0","   0","   0","   0","   0","   0","   0","   0","   0","   0","   0","   0","   0","   0","   0","   0","   0","   0","1144","4145","   0","   0","   0","   0","   0","6479","   0","   0","   0","   0","2932","   0","   0","   0","   0","   0","   0","   0","   0","   0","   0","   0","   0","   0","   0","   0","   0","   0","   0","   0","   0","   0","   0","   0"," 899","   0","   0","   0","   0","   0","   0","   3","   0","   0","   0","   0","2108","   0","   0","   0","   0","   0"
"SC249387-PC04925-G-01","2131","   0","   0","   0","   0"," 610","   0","   0","   0","   0","   0","  26","   3","   0","   0","   0","2715","   8","  57"," 803","   0","   0","   0","   0","   0","  28","   5","  51","1188","   0","   0","   0","   0","   0","   1","  79","  55","   0","   0","  21"," 313","   2","3198"," 230","   1","   0","2502","  15","   1","   3"," 396","  20","   0","   0","   0","   0","   2","   0","   0","   1","   0","  13","   0"," 401","  22","  56"," 377","   1","   0","  17"," 127","   0","   2","   0","   0","   0","   4","  36","   0","2484","   0","   0","1768","   0","   0","   1","   3","   1"," 101","   0","   0","   0","   0"
"SC249391-PC04925-H-01","  18","   0","   0","   0","   0","  15","   0","   0","   0","   0","   0","   0","   0","   0","   0","1145","  50","   0","   0","  14","   0","   0","   0","   0","   0","   0","   0","   1","   7","   0","   0","   0","   0","   0","   0","   1","   0","   0","   0"," 853","4719","   0","  41","   0","   0","   0","7031","   0","   0","   0","   3","3941","   0","   0","   0","   0","   0","   0","   0","   0","   0","   0","   0","   2","   0","   0","   6","   0","   0","   0","   3","   0","   0","   0","   0"," 523","   0","   0","   0","  20","   0","   0","  17","   0","   0","   0","   0","1565","   1","   0","   0","   0","   0"
"SC249408-PC04925-E-02","   4","   0","   0","   0","   0","   0","   0","   0","   0","   0","   0","   0","   0","   0","   0","1178","   6","   0","   0","   0","   0","   0","   0","   0","   0","   0","   0","   0","   4","   0","   0","   0","   0","   0","   0","   0","   0","   0","   0"," 658","4661","   0","   6","   1","   0","   0","6580","   0","   0","   0","   0","3048","   0","   0","   0","   0","   0","   0","   0","   0","   0","   0","   0","   0","   0","   0","   0","   0","   0","   0","   0","   0","   0","   0","   0","2978","   0","   0","   0","  12","   0","   0","   8","   0","   0","   0","   0"," 846","   0","   0","   0","   0","   0"
"SC249432-PC04925-B-04","   2","   0","   0","   0","   0","   3","   0","   0","   0","   0","   0","   0","   0","   0","   0","3667","   2","   0","   0","   5","   0","   0","   0","   0","   0","   1","   0","   0","   6","   0","   0","   0","   0","   0","   0","   0","   0","   0","   0","1640","2143","   0","  17","   0","   0","   0","6424","   0","   0","   0","   0","1217","   0","   0","   0","   0","   0","   0","   0","   0","   0","   0","   0","   0","   0","   0","   0","   0","   0","   0","   0","   0","   0","   0","   0","1279","   0","   0","   0","   0","   0","   0","  22","   0","   0","   0","   0","3555","   1","   0","   0","   0","   0"
"SC249437-PC04925-F-04","   0","   0","   0","   0","   0","   1","   0","   0","   0","   0","   0","   0","   0","   0","   0","3180","   3","   0","   0","   0","   0","   0","   0","   0","   0","   0","   0","   0","   0","   0","   0","   0","   0","   0","   0","   0","   0","   0","   0","1780","2293","   0","   3","   0","   0","   0","5810","   0","   0","   0","   0","1059","   0","   0","   0","   0","   0","   0","   0","   0","   0","   0","   0","   0","   0","   0","   0","   0","   0","   0","   0","   0","   0","   0","   0","1204","   0","   0","   0","   0","   0","   0","   0","   0","   0","   0","   0","4662","   0","   0","   0","   0","   0"
"SC249444"," 919","   0","   0","   1","   0"," 479","   0","   0","   0","   0","   0","  32","   0","   0","   0","  70"," 186","   3","   7","3317","   0","   0","   0","   0","   0","  48"," 102","   6","1936","   0","   0","   0","   0","   0","   0","  56"," 241","   3","   0","  41","  73","   2","2926","   3","   0","   0","3288","   6","   0","   2","  41","  33","   1","   0","   0","   0","   0","   0","   0","   0","   0","   0","   0"," 140","   3","   0","  19","   0","   0","   0","  17","   0","   0","   0","   0","  13","   0","   0","   0","2645","   0","   0","2973","   0","   0","   4","   0","  74"," 196","   0","   0","   0","   0"
"SC253181-PC04925-G-05","   0","   0","   0","   0","   0","   1","   0","   0","   0","   0","   0","   0","   0","   0","   0","2301","   1","   0","   0","   0","   0","   0","   0","   0","   0","   0","   0","   0","   0","   0","   0","   0","   0","   0","   0","   0","   0","   0","   0","1413","3442","   0","   0","   0","   0","   0","6462","   0","   0","   0","   0","3353","   0","   0","   0","   0","   0","   0","   0","   0","   0","   0","   0","   0","   0","   0","   0","   0","   0","   0","   0","   0","   0","   0","   0","1794","   0","   0","   0","   0","   0","   0","   0","   0","   0","   0","   0","1227","   0","   0","   0","   0","   0"
"SC253185","  94","   0","   0","   0","   0","   3","   0","   0","   0","   0","   0","   0","   0","   0","   0","   1","1790"," 125"," 721","   2","   0","   0","   0","   0","   0","   0","   0"," 790"," 284","   0","   0","   0","   0","   0","   0","   0","   0","   0","   0"," 301","3228","   0","   5","3620","   0","   0","2516","   0","   0","   0","   0"," 282","   0","   0","   0","   0","   0","   0","   0","   0","   0","   0","   0","   0","   0"," 938","2376","   0","   0"," 325","   0","   0","   0","   0","   0","   0","  89","2477","   0","   3","   0","   0","   3","   0","   0","   0","   0","   1","   0","   0","   0","   0","   0"
"SC253189","   0","   0","   0","   0","   0","   1","   0","   0","   0","   0","   0","   0","   0","   0","   0","2757","   0","   0","   0","   0","   0","   0","   0","   0","   0","   0","   0","   0","   0","   0","   0","   0","   0","   0","   0","   0","   0","   0","   0","1341","3180","   0","   1","   0","   0","   0","6219","   0","   0","   0","   0","3318","   0","   0","   0","   0","   0","   0","   0","   0","   0","   0","   0","   0","   0","   0","   0","   0","   0","   0","   0","   0","   0","   0","   0","1733","   0","   0","   0","   5","   0","   0","   0","   0","   0","   0","   0","1439","   0","   0","   0","   0","   0"
"SC253191","2483","   0","   0","   0","   0","1464","   0","   0","   0","   0","   0","  60","  12","   0","   0","   0","3105","   0","  34"," 787","   0","   0","   0","   0","   0","  22","  39","   0"," 959","   0","   0","   0","   0","   0","   0"," 161","  67","   0","   0","   0"," 147","   0","1960","   0","   0","   0","3218","   0","   0","   6"," 772","   0","   0","   0","   0","   0","   0","   0","   0","   0","   0","  10","   0"," 250","  34","   0"," 341","   0","   0","   0"," 138","   0","   0","   0","   0","   0","   0","   0","   0","1574","   0","   0","2178","   0","   0","   0","   0","   0"," 123","   0","   0","   0","   0"
"SC253192"," 180","   0","   0","   0","   0","  31","   0","   0","   0","   0","   0","   0","   0","   0","   0","   0","2039"," 142"," 772","   0","   0","   0","   0","   0","   0","   0","  35"," 538"," 373","   0","   0","   0","   0","   0","   0","   0","   0","   0","   0"," 699","2476","   0","   2","3291","   0","   0","2460","   0","   0","   0","   0"," 326","   0","   0","   0","   0","   0","   0","   0","   0","   0","   0","   0","   0","   0"," 905","2746","   0","   0"," 732","   0","   0","   0","   0","   0","   1","  88","2110","   0","   7","   0","   0","  17","   0","   0","   0","   0","   1","   0","   0","   0","   0","   0"
"SC253194","   0","   0","   0","   0","   0","   3","   0","   0","   0","   0","   0","   0","   0","   0","   0","2212","   9","   0","   0","   5","   0","   0","   0","   0","   0","   0","   0","   0","   6","   0","   0","   0","   0","   0","   0","   0","   0","   0","   0","2043","2798","   0","   8","   0","   0","   0","6403","   0","   0","   0","   0","2308","   0","   0","   0","   0","   0","   0","   0","   0","   0","   0","   0","   0","   0","   0","   0","   0","   0","   0","   0","   0","   0","   0","   0","1272","   0","   0","   0","   0","   0","   0","  23","   0","   0","   0","   0","2901","   0","   0","   0","   0","   0"
"SC253195-PC04925-E-07"," 131","   0","   0","   0","   0","  24","   0","   0","   0","   0","   0","   0","   0","   0","   0","   8","1454"," 441"," 584","  16","   0","   0","   0","   0","   0","   0","  78"," 528"," 405","   0","   0","   0","   0","   0","   0","   5","   0","   0","   0"," 762","2166","   0"," 143","4449","   0","   0","2342","   0","   0","   0","   5"," 462","   0","   0","   0","   0","   0","   0","   0","   0","   1","   0","   0","   6","   0"," 880","2455","   0","   0"," 610","   1","   0","   0","   0","   2","   4"," 110","1694","   0","  33","   0","   0"," 137","   0","   0","   0","   0","   9","   7","   0","   0","   0","   0"
"SC253196-PC04925-F-07","  11","   0","   0","   0","   0","  19","   0","   0","   0","   0","   0","   0","   0","   0","   0","3219","  13","   0","   1","   4","   0","   0","   0","   0","   0","   0","   0","   0","  10","   0","   0","   0","   0","   0","   0","   1","   0","   0","   0","1715","2927","   0","  43","   1","   0","   0","6430","   0","   0","   0","   3","2142","   0","   0","   0","   0","   0","   0","   0","   0","   0","   0","   0","   1","   0","   0","   3","   0","   0","   0","   1","   0","   0","   0","   0","1409","   0","   0","   0","  23","   0","   0","  29","   0","   0","   0","   0","1966","   2","   0","   0","   0","   0"
"SC253204"," 210","   0","   0","   0","   0","  51","   0","   0","   0","   0","   0","   0","   0","   0","   0","   5","1524"," 306"," 879","  37","   0","   0","   0","   0","   0","   0","  55"," 501"," 294","   4","   0","   0","   0","   0","   0","   5","   4","   0","   0"," 896","2231","   0"," 158","3629","   0","   0","2907","   0","   0","   0","  10"," 319","   0","   0","   0","   0","   0","   0","   0","   0","   0","   0","   0","  14","   0"," 876","2255","   0","   0"," 828","   5","   0","   0","   0","   0","   0"," 108","1625","   0"," 101","   0","   0","  95","   0","   0","   0","   0","   9","  16","   0","   0","   0","   0"
"SC261525-PC04925-D-10","2385","   0","   0","   0","   0","2355","   0","   0","   0","   0","   0","  41","   4","   0","   0","   1","3542","   0","  70"," 554","   0","   0","   0","   0","   0","  22","  15","   0"," 635","   0","   0","   0","   0","   0","   0"," 311","  62","   0","   0","   3"," 756","   0","1994","   0","   0","   5","2716","  27","   0","   4"," 527","  12","   0","   0","   0","   0","   0","   0","   0","   0","   0","  10","   0"," 321","  40","   0"," 327","   0","   0","   0"," 215","   0","   0","   0","   0","   3","   0","   0","   0","1252","   0","   0","1596","   0","   0","   3","   0","   2","  79","   0","   0","   0","   0"
"SC261529-PC04925-F-10"," 812","   0","   0","   0","   0"," 447","   0","   0","   0","   0","   0","  63","   0","   0","   0","  26"," 342","   0","  14","2196","   0","   0","   0","   0","   0","  42","  54","   0","1421","   0","   0","   0","   0","   0","   0","  65"," 160","   0","   0","   6","  82","   0","3122","   1","   0","   0","2620","   7","   0","   0"," 179","  16","   0","   0","   0","   0","   0","   0","   0","   0","   0","   0","   0"," 214","  10","   0","  35","   0","   0","   0","  34","   0","   0","   0","   0","   2","   0","   0","   0","2953","   0","   0","4887","   0","   0","   0","   0","   5"," 110","   0","   0","   0","   0"
"SC249362-PC07578-H-08","   0","   0","   0","   0","   0","   0","   0","   0","   0","   0","   0","   0","   0","   0","   0","3589","   0","   0","   0","   0","   0","   0","   0","   0","   0","   0","   0","   0","   0","   0","   0","   0","   0","   0","   0","   0","   0","   0","   0","2109","3647","   0","   4","   0","   0","   0","5560","   0","   0","   0","   0","3156","   0","   0","   0","   0","   0","   0","   0","   0","   0","   0","   0","   0","   0","   0","   0","   0","   0","   0","   0","   0","   0","   0","   0"," 451","   0","   0","   0","   0","   0","   0","   4","   0","   0","   0","   0","1472","   0","   0","   0","   0","   0"
"SC249368-PC07578-C-10","   0","   0","   0","   0","   0","   1","   0","   0","   0","   0","   0","   0","   0","   0","   0","2155","   1","   0","   0","   2","   0","   0","   0","   0","   0","   0","   0","   0","   2","   0","   0","   0","   0","   0","   0","   0","   0","   0","   0","1374","4470","   0","   6","   0","   0","   0","6017","   0","   0","   0","   0","3866","   0","   0","   0","   0","   0","   0","   0","   0","   0","   0","   0","   0","   0","   0","   1","   0","   0","   0","   0","   0","   0","   2","   0"," 703","   0","   0","   0","   0","   0","   0","   6","   0","   0","   0","   0","1386","   0","   0","   0","   0","   0"
"SC249387-PC07578-G-01","2148","   0","   0","   0","   0"," 535","   0","   0","   0","   0","   0","  31","   1","   0","   0","   0","2951","  11","  40"," 738","   0","   0","   0","   0","   0","  30","   0","  40","1109","   0","   0","   0","   0","   0","   0","  70","  50","   0","   0","  13"," 288","   3","3135"," 220","   0","   0","2469","  11","   0","   3"," 411","  19","   1","   0","   0","   0","   0","   0","   0","   0","   0","  15","   0"," 474","  14","  47"," 406","   2","   0","  10"," 127","   2","   0","   0","   1","   0","   2","  23","   0","2512","   0","   0","1843","   0","   0","   1","   2","   0","  93","   0","   0","   0","   0"
"SC249408","   0","   0","   0","   0","   0","   4","   0","   0","   0","   0","   0","   0","   0","   0","   0","1145","   2","   0","   0","   0","   0","   0","   0","   0","   0","   0","   0","   0","   0","   0","   0","   0","   0","   0","   0","   0","   0","   0","   0"," 709","4447","   0","   0","   0","   0","   0","6049","   0","   0","   0","   0","3210","   0","   0","   0","   0","   0","   0","   0","   0","   0","   0","   0","   0","   0","   0","   0","   0","   0","   0","   0","   0","   0","   0","   0","3486","   0","   0","   0","   4","   0","   0","   4","   0","   0","   0","   0"," 933","   0","   0","   0","   0","   0"
"SC249420-PC07578-H-07","  10","   0","   0","   0","   0","  25","   0","   0","   0","   0","   0","   0","   0","   0","   0","1384","  28","   0","   0","   0","   0","   0","   0","   0","   0","   0","   0","   0","   0","   0","   0","   0","   0","   0","   0","   0","   0","   0","   0"," 865","4111","   0","   7","   0","   0","   0","6046","   0","   0","   0","   0","3847","   0","   0","   0","   0","   0","   0","   0","   0","   0","   0","   0","   0","   0","   0","   0","   0","   0","   0","   0","   0","   0","   0","   0","2867","   0","   0","   0","   5","   0","   0","   3","   0","   0","   0","   0"," 786","   0","   0","   0","   0","   0"
"SC249437","   0","   0","   0","   0","   0","   0","   0","   0","   0","   0","   0","   0","   0","   0","   0","2719","   0","   0","   0","   0","   0","   0","   0","   0","   0","   0","   0","   0","   0","   0","   0","   0","   0","   0","   0","   0","   0","   0","   0","1774","2233","   0","   1","   0","   0","   0","5818","   0","   0","   0","   0","1209","   0","   0","   0","   0","   0","   0","   0","   0","   0","   0","   0","   0","   0","   0","   0","   0","   0","   0","   0","   0","   0","   0","   0","1319","   0","   0","   0","   0","   0","   0","   0","   0","   0","   0","   0","4923","   0","   0","   0","   0","   0"
"SC249439-PC07578-G-07"," 357","   0","   0","   0","   0"," 245","   0","   0","   0","   0","   0","   6","   0","   0","   0","  50","1109"," 411"," 765"," 233","   0","   0","   0","   0","   0","   4"," 164"," 309"," 538","   0","   0","   0","   0","   0","   0","  20","  19","   0","   0"," 948","1385","   0","1145","3021","   0","   0","1800","   2","   0","   0","  35"," 467","   0","   0","   0","   0","   0","   0","   0","   0","   0","   0","   0","  66","   2"," 393","1809","   0","   0","1214","  10","   0","   0","   0","   3","  14"," 138","1052","   0"," 305","   0","   0","1813","   0","   0","   0","   0","  68","  12","   0","   0","   0","   0"
"SC249443-PC07578-E-05"," 236","   0","   0","   0","   0","  56","   0","   0","   0","   0","   0","   3","   0","   0","   0"," 178","1118"," 506"," 666"," 453","   0","   0","   0","   0","   0","   9"," 260"," 235"," 517","   0","   0","   0","   0","   0","   0","   8","  36","   0","   0","2169","1647","   0"," 494","2739","   0","   3","2001","   1","   0","   0","  12"," 779","   0","   0","   0","   0","   0","   0","   0","   0","   0","   0","   0","  14","   0"," 308","1549","   0","   0","1666","   0","   0","   0","   6","   8","  52"," 169","1012","   0"," 441","   0","   0"," 415","   0","   0","   0","   0"," 136","  36","   0","   0","   0","   0"
"SC249451-PC07578-F-06","   1","   0","   0","   0","   0","   7","   0","   0","   0","   0","   0","   0","   0","   0","   0","4274","   1","   0","   0","   5","   0","   0","   0","   0","   0","   0","   0","   0","   6","   0","   0","   0","   0","   0","   0","   0","   4","   0","   0","2330","2062","   0","  31","   0","   0","   0","5353","   0","   0","   0","   0","1108","   0","   0","   0","   0","   0","   0","   0","   0","   0","   0","   0","   0","   0","   0","   0","   0","   0","   0","   0","   0","   0","   0","   0","1747","   0","   0","   0","  14","   0","   0","  33","   0","   0","   0","   0","3012","   0","   0","   0","   0","   0"
"SC253181-PC07578-G-05","   4","   0","   0","   0","   0","   2","   0","   0","   0","   0","   0","   0","   0","   0","   0","2065","   3","   0","   0","   6","   0","   0","   0","   0","   0","   0","   0","   0","   7","   0","   0","   0","   0","   0","   0","   0","   0","   0","   0","1539","3093","   0","  15","   0","   0","   0","5975","   0","   0","   0","   1","4020","   0","   0","   0","   0","   0","   0","   0","   0","   0","   0","   0","   0","   0","   0","   0","   0","   0","   0","   0","   0","   0","   0","   0","1888","   0","   0","   0","  14","   0","   0","  12","   0","   0","   0","   0","1342","   0","   0","   0","   0","   0"
"SC253195-PC07578-E-07"," 603","   0","   0","   0","   0"," 541","   0","   2","   0","   0","   0","   0","   0","   0","   0","   1","2897"," 383"," 545","  45","   1","   0","   0","   0","   0","   2","  51"," 516"," 442","   0","   0","   0","   0","   0","   0","   5","   3","   0","   0"," 671","1745","   0"," 160","3168","   0","   0","2478","   1","   0","  13","  17"," 396","   0","   0","   0","   0","   0","   0","   0","   0","   2","   0","   0","  29","   0"," 657","2287","   0","   0"," 568","   2","   0","   0","   0","   2","   1","  77","1216","   0","  95","   0","   0"," 295","   0","   0","   0","   0","   0","   3","  12","   4","   0","   0"
"SC253196-PC07578-F-07","  11","   0","   0","   0","   0","  13","   0","   0","   0","   0","   0","   0","   0","   0","   0","2982","  29","   0","   0","   2","   0","   0","   0","   0","   0","   0","   0","   0","   3","   0","   0","   0","   0","   0","   0","   0","   0","   0","   0","1746","2820","   0","  14","   0","   0","   0","6299","   0","   0","   0","   0","2374","   0","   0","   0","   0","   0","   0","   0","   0","   0","   0","   0","   0","   0","   0","   1","   0","   0","   0","   0","   0","   0","   0","   0","1583","   0","   0","   0","   0","   0","   0","  16","   0","   0","   0","   0","2096","   0","   0","   0","   0","   0"
"SC253202-PC07578-F-08","2004","   0","   0","   0","   0"," 463","   0","   0","   0","   0","   0","  24","   0","   0","   0","   7","1833","   0","  36","1170","   0","   0","   0","   0","   0","  45","   5","   0","1662","   0","   0","   0","   0","   0","   0","  42","  67","   0","   0","  11","  92","   0","3623","  14","   0","   2","2533","  10","   0","   6"," 601","  25","   0","   0","   0","   0","   0","   0","   0","   0","   2","   6","   0"," 366","  15","   0"," 191","   0","   0","   1"," 107","   0","   0","   0","   0","   4","   0","   0","   0","2983","   0","   0","1804","   0","   0","   2","   0","  10"," 126","   0","   0","   0","   0"
"SC261525-PC07578-D-10","2076","   0","   0","   0","   0","1669","   0","   0","   0","   0","   0","  33","   3","   0","   0"," 459","3127","   0","  69"," 455","   0","   0","   0","   0","   0","  22","  10","   0"," 556","   0","   0","   0","   0","   0","   0"," 248","  53","   0","   0"," 200","1198","   1","1628","   0","   0","   4","3404","  20","   0","   2"," 516"," 380","   0","   0","   0","   0","   0","   0","   0","   0","   0","  10","   0"," 312","  28","   0"," 294","   0","   0","   0"," 184","   0","   0","   2","   0"," 228","   0","   0","   0","1046","   0","   0","1339","   0","   0","   4","   0"," 279","  57","   0","   0","   0","   0"
"SC261529-PC07578-F-10"," 733","   0","   0","   0","   0"," 310","   0","   0","   0","   0","   0","  38","   0","   0","   0"," 201"," 503","  74","  91","1683","   0","   0","   0","   0","   0","  41","  43","  64","1237","   0","   0","   0","   0","   0","   0","  42"," 152","   0","   0"," 268"," 448","   0","2593"," 694","   0","   1","2595","   4","   0","   0"," 158"," 231","   0","   0","   0","   0","   0","   0","   0","   0","   0","   0","   0"," 145","   0","  73"," 293","   0","   0"," 258","  28","   0","   0","   3","   0","  63","  17"," 173","   0","2374","   0","   0","4126","   0","   0","   0","   0","  81","  83","   0","   0","   0","   0"
"SC304092","  34","   0","   0","   0","   0","   4","   0","   0","   0","   0","   0","   0","   0","   0","   0","2021","  91","   0","   1","  16","   0","   0","   0","   0","   0","   0","   0","   0","  23","   0","   0","   0","   0","   0","   0","   0","   0","   0","   0","1096","4184","   0","  78","   2","   0","   0","6346","   0","   0","   0","  14","3370","   0","   0","   0","   0","   0","   0","   0","   0","   0","   1","   0","  10","   0","   0","  10","   0","   0","   0","   0","   0","   0","   0","   0"," 450","   0","   0","   0","  55","   0","   0","  30","   0","   0","   0","   0","2137","   0","   0","   0","   0","   0"
"SC304093"," 165","   0","   0","   0","   0","  27","   0","   0","   0","   0","   0","   0","   0","   0","   0","  31","1808"," 361"," 509","  17","   0","   0","   0","   0","   0","   1","   4"," 624"," 392","   0","   0","   0","   0","   0","   0","   1","   0","   0","   0"," 526","2447","   0","  69","4573","   0","   0","2571","   0","   0","   0","  12","1082","   0","   0","   0","   0","   0","   0","   0","   0","   0","   0","   0","   9","   0","1173","2455","   0","   0"," 285","   2","   0","   0","   0","   1","  16"," 216"," 432","   0","  58","   0","   0","  67","   0","   0","   0","   0","  20","   2","   0","   0","   0","   0"
"SC304094","1798","   0","   0","   2","   0"," 404","   0","   0","   0","   0","   0","  23","   0","   1","   1","   7","2777","  27","  65"," 682","   4","   0","   0","   0","   0","  20","   2","  86","1016","   0","   0","   0","   2","   0","   0","  52","  46","   0","   0","  58"," 292","   0","3092"," 657","   0","   5","2209","   6","   0","   5"," 446"," 101","   0","   0","   0","   1","   0","   0","   1","   0","   0","   8","   0"," 384","  10","  97"," 416","   0","   0","  31","  54","   0","   1","   8","   0","   4","  13","  34","   0","1682","   3","   0","3128","   0","   0","   3","   2","  10"," 125","   0","   0","   0","   5"
"SC304097","   8","   0","   0","   0","   0","   8","   0","   0","   0","   0","   0","   0","   0","   0","   0","2295","  29","   0","   0","  12","   0","   0","   0","   0","   0","   0","   0","   0","  10","   0","   0","   0","   0","   0","   0","   0","   2","   0","   0","1207","4263","   0","  26","   0","   0","   0","6393","   0","   0","   0","   3","2787","   0","   0","   0","   0","   0","   0","   0","   0","   0","   0","   0","   0","   0","   0","   5","   0","   0","   0","   0","   0","   0","   0","   0"," 684","   0","   0","   0","  21","   0","   0","  19","   0","   0","   0","   0","2203","   1","   0","   0","   0","   0"
"SC304099","1992","   0","   1","   0","   0"," 793","   0","   0","   0","   0","   0","  35","   2","   0","   1","  37","3772","   0","  35"," 562","   1","   0","   0","   0","   0","  37","   8","   0"," 942","   0","   0","   0","   0","   0","   0","  68","  46","   0","   0","  17"," 118","   0","2996","   2","   0","   5","2476","   0","   0","  23"," 573","  54","   0","   0","   0","   0","   0","   0","   0","   0","   1","  13","   2"," 501","  15","   0"," 185","   0","   0","   0","  92","   4","   0","  14","   0","  14","   0","   0","   0","2588","   0","   1","1669","   0","   0","   0","   1","  26"," 138","  29","   2","   0","   0"
"SC304924-PC07578-A-11","   8","   0","   0","   0","   0","   7","   0","   0","   0","   0","   0","   0","   0","   0","   0","2964","  28","   0","   0","  44","   0","   0","   0","   0","   0","   0","   0","   0","  30","   0","   0","   0","   0","   0","   0","   0","   0","   0","   0"," 864","3713","   0","  57","   1","   0","   0","6276","   0","   0","   0","   5","3129","   0","   0","   0","   0","   0","   0","   0","   0","   0","   0","   0","   4","   0","   0","   2","   0","   0","   0","   1","   0","   0","   0","   0"," 899","   0","   2","   0","  43","   0","   0","  74","   0","   0","   0","   0","1820","   3","   0","   0","   0","   0"
"SC304924-PC07578-B-07","  12","   0","   0","   0","   0","   9","   0","   0","   0","   0","   0","   0","   0","   0","   0","3467","  21","   0","   0","  22","   0","   0","   0","   0","   0","   0","   0","   0","  23","   0","   0","   0","   0","   0","   0","   0","   0","   0","   0","1302","2830","   0","  61","   0","   0","   0","5137","   0","   0","   0","   4","2997","   0","   0","   0","   0","   0","   0","   0","   0","   0","   0","   0","   2","   0","   0","   2","   0","   0","   0","   0","   0","   0","   0","   0","2398","   0","   0","   0","  31","   0","   0","  54","   0","   0","   0","   0","1592","   2","   0","   0","   0","   0"
"SC304926"," 174","   0","   0","   0","   0","  12","   0","   0","   0","   0","   0","   0","   0","   0","   0"," 296","1793"," 324"," 791","  13","   0","   0","   0","   0","   0","   0","  22"," 382"," 341","   0","   0","   0","   0","   0","   0","   0","   0","   0","   0"," 759","2206","   0","  45","3738","   0","   0","2688","   0","   0","   0","   4"," 946","   0","   0","   0","   0","   0","   0","   0","   0","   0","   0","   0","   3","   0"," 715","2481","   0","   0"," 886","   0","   0","   0","   0","   3","  78"," 243"," 789","   0","  18","   0","   0","  35","   0","   0","   0","   0"," 176","   2","   0","   0","   0","   0"
"SC304927","   1","   0","   0","   0","   0","   1","   0","   0","   0","   0","   0","   0","   0","   0","   0","3696","   2","   0","   0","   4","   0","   0","   0","   0","   0","   0","   0","   0","   0","   0","   0","   0","   0","   0","   0","   0","   0","   0","   0","1437","3477","   0","   9","   0","   0","   0","6365","   0","   0","   0","   2","2549","   0","   0","   0","   0","   0","   0","   0","   0","   0","   0","   0","   0","   0","   0","   0","   0","   0","   0","   0","   0","   0","   0","   0"," 738","   0","   0","   0","   6","   0","   0","   7","   0","   0","   0","   0","1697","   0","   0","   0","   0","   0"
"SC304928","1322","   0","   1","   0","   3"," 593","   0","   0","   2","   0","   0","  27","   0","   0","   0"," 397","2808","   0","  20","1388","   0","   0","   0","   0","   0","  48","  23","   2","1000","   0","   0","   0","   0","   0","   0","  37"," 110","   0","   0"," 196"," 465","   3","2054","   1","   0","   0","2708","  10","   0","  25"," 309"," 283","   0","   0","   0","   0","   2","   0","   0","   1","   3","   3","   0"," 233","   7","   0","  88","   0","   0","   0","  50","   0","   0","   6","   0"," 119","   0","   0","   0","2628","   0","   0","2447","   0","   0","   1","   0"," 291"," 156","  16","   7","   0","   0"
"SC304934-PC07578-C-05","  13","   0","   0","   0","   0","   6","   0","   0","   0","   0","   0","   0","   0","   0","   0","3985","  25","   0","   0","  29","   0","   0","   0","   0","   0","   1","   0","   0","  20","   0","   0","   0","   0","   0","   0","   0","   4","   0","   0","1232","3211","   0","  68","   2","   0","   0","5546","   0","   0","   0","   5","2250","   0","   0","   0","   0","   0","   0","   0","   0","   0","   0","   0","   1","   0","   0","   2","   0","   0","   0","   2","   0","   0","   0","   0","1653","   0","   0","   0","  33","   0","   0","  63","   0","   0","   0","   0","1820","   1","   0","   0","   0","   0"
"SC304934-PC07578-D-02","  16","   0","   0","   0","   0","   8","   0","   0","   0","   0","   0","   0","   0","   0","   0","3886","  27","   0","   1","  26","   0","   0","   0","   0","   0","   0","   0","   0","  25","   0","   0","   0","   0","   0","   0","   0","   2","   0","   0","1011","3630","   0","  70","   3","   0","   0","6035","   0","   0","   0","   5","2538","   0","   0","   0","   0","   0","   0","   0","   0","   0","   0","   0","   1","   0","   0","   3","   0","   0","   0","   0","   0","   0","   0","   0"," 808","   0","   0","   0","  51","   0","   0","  63","   0","   0","   0","   0","1763","   2","   0","   0","   0","   0"
"SC304936"," 197","   0","   0","   0","   0","  32","   0","   0","   0","   0","   0","   1","   0","   0","   0"," 114","1895"," 324"," 973","  37","   0","   0","   0","   0","   0","   0","  23"," 383"," 366","   0","   0","   0","   0","   0","   0","   0","   4","   0","   0"," 741","2118","   0"," 103","4001","   0","   0","2608","   0","   0","   0","   7"," 640","   0","   0","   0","   0","   0","   0","   0","   0","   0","   0","   0","   6","   0"," 895","2368","   0","   0"," 890","   0","   0","   0","   0","   5","  25"," 194"," 783","   0","  48","   0","   0","  82","   0","   0","   0","   0","  87","   3","   0","   0","   0","   0"
"SC304937","   0","   0","   0","   0","   0","   3","   0","   0","   0","   0","   0","   0","   0","   0","   0","4087","  11","   0","   0","   0","   0","   0","   0","   0","   0","   0","   0","   0","   1","   0","   0","   0","   0","   0","   0","   0","   0","   0","   0","1365","3386","   0","   9","   0","   0","   0","6005","   0","   0","   0","   4","2103","   0","   0","   0","   0","   0","   0","   0","   0","   0","   0","   0","   0","   0","   0","   2","   0","   0","   0","   0","   0","   0","   0","   0"," 923","   0","   0","   0","   0","   0","   0","   0","   0","   0","   0","   0","2091","   0","   0","   0","   0","   0"
"SC304938","1569","   0","   0","   3","   5"," 615","   0","   0","   4","   0","   0","  28","   0","   0","   0"," 275","2798","   0","  34","1178","   0","   0","   0","   0","   0","  52","  20","   1","1145","   0","   0","   0","   0","   0","   0","  65","  95","   0","   0"," 120"," 345","   0","2592","   0","   0","   3","2698","  12","   0","  15"," 335"," 134","   3","   0","   0","   0","   5","   0","   0","   5","   0","   5","   1"," 303","   8","   0"," 109","   0","   0","   0","  47","   0","   0","   0","   0","  72","   1","   0","   6","2223","   0","   0","2517","   0","   0","   0","   0"," 244"," 182","  12","   6","   0","   0"
"SC502451","2142","   0","   0","   4","   0"," 171"," 146","   5","   0","   0","   0","  31","   0","   0","   0","   5","4924","   0","   0","2207","   0","  42","   2","   0","   0","   0"," 474","   0","1009","   0","  34","   0","   0","   0","   0","   0"," 214","   0","   0","   0","   9","   6","1708","   0","   3","   0","3580","   7","   0","   0"," 177","   0","   0","   0","   0","   0","   0","   0","   0","   0","   3","   0","   0"," 294","   0","   0","   0","   0","   0","   0","  74","   0","   0","   4","   0","   0","   0","   0","   0","1185","   8","   0","1093","   0","   0","   0","   0","   0"," 364","   0","   0","   0","   7"
"SC502452","   0","   0","   0","   0","   0","   0","   0","   0","   0","   0","   0","   0","   0","   0","   0","2983","   0","   0","   0","   0","   0","   0","   0","   0","   0","   0","   0","   0","   0","   0","   0","   0","   0","   0","   0","   0","   0","   0","   0","2549","3353","   0","   0","   0","   0","   0","5443","   0","   0","   0","   0","1085","   0","   0","   0","   0","   0","   0","   0","   0","   0","   0","   0","   0","   0","   0","   0","   0","   0","   0","   0","   0","   0","   0","   0","1520","   0","   0","   0","   0","   0","   0","   0","   0","   0","   0","   0","3063","   0","   0","   0","   0","   0"
"SC502454"," 218","   0","   0","   0","   0","   0","   0","   0","   0","   0","   0","   0","   0","   0","   0"," 129","1008"," 402","1446","   0","   0","   0","   3","   0","   0","   0"," 420"," 529"," 127","   0","   0","   0","   0","   0","   0","   0","   0","   0","   2","1763","4427","   0","   0","2214","   0","   0","1788","   0","   0","   0","   0"," 776","   0","   0","   0","   0","   0","   0","   0","   0","   4","   0","   0","   0","   0","1257","1245","   0","   2"," 781","   0","   0","   0","   0","   0","  14"," 258"," 960","   0","   0","   0","   0","   0","   0","   0","   0","   0"," 211","   0","   0","   0","   0","   0"
"SC510683","    0","    0","    0","    0","    0","    0","    0","    0","    0","    0","    0","    0","    0","    0","    0","  516","    4","    0","    0","    0","    0","    0","    0","    0","    0","    0","    0","    0","    0","    0","    0","    0","    0","    0","    0","    0","    0","    0","    0","    0","   56","    0","    0","    0","    0","    0","16942","    0","    0","    0","    0","    0","    0","    0","    0","    0","    0","    0","    0","    0","    0","    0","    0","    0","    0","    0","    0","    0","    0","    0","    0","    0","    0","    5","    0"," 2461","    0","    0","    0","    8","    0","    0","    3","    0","    0","    0","    0","    0","    0","    0","    0","    0","    0"
"SC510684","    4","    0","    0","    0","    0","    0","    0","    0","    0","    0","    0","    0","    0","    0","    0","  574","    7","    0","    0","   16","    0","    0","    0","    0","    0","    0","    0","    0","    6","    0","    0","    0","    0","    0","    0","    0","    0","    0","    0","    0","   83","    0","   10","    0","    0","    0","16071","    0","    0","    0","    0","    0","    0","    0","    0","    0","    0","    0","    0","    0","    0","    0","    0","    0","    0","    0","    0","    0","    0","    0","    0","    0","    0","    5","    0"," 3186","    0","    0","    0","    4","    0","    0","   19","    0","    0","    0","    0","    0","    3","    0","    0","    0","    0"
"SC552948","3893","   0","   0","   0","   0","3318","  55","   7","   0","   3","   1","  21","   0","   0","   0","   9","3211","  76","  76"," 403","   0","   0","   0","   0","  12","  20","   5","   0"," 225","   0","   3","   0","   0","   0","   0"," 297","  48","   0","   0","  11","  40","  76","1682","   0","   0","   0","2748","   8","   0","  80","  95","   3","   0","   0","   0","   0","   0","   0","   0","   0","   0","  24","   0"," 364","   5","   0"," 173","   0","   0","   0","   5","   0","   0"," 205","   0","   3","   0","   0","   0"," 422","   0","   0","1980","   0","   0","   0","   2","  16","  83","  93","  61","   3","   4"
"SC552952","2199","   0","   0","   9","   0"," 466"," 184","   4","   0","   0","   0","  70","   9","   0","   0","   0","8056","   0","   8","1016","   0","   0","   0","   0","   0","   0","   0","   0"," 668","   0","  12","   0","   0","   0","   0","  12"," 157","   0","   0","   0","   8","   6","1424","   0","   0","   4","2549","   5","   0","   9"," 285","   0","   0","   0","   0","   0","   0","   0","   0","   0","   0","   0","   0"," 259","   3","   0","  26","   0","   0","   0"," 121","   0","   0","  22","   0","   0","   0","   0","   0","1180","   0","   0"," 958","   0","   0","   3","   1","   0"," 153","  11","  15","   0","   4"
"SC552954","2399","   0","   0","   0","   0","   0","   0","   0","   0","   0","   0","   0","   0","   0","   0"," 740","   0"," 562","   0","   0","   0","   0","1225","  47","   0","   0","   0","   0","   0","   0","   0","   0","   0","   0","   0","  12","   0"," 200","1067","   0","   0","   0","   0","1433"," 670","   1","3562","   0","   0","   0","   0","   0","   0","1269","   0","   0","   0","   0","   0","   0","2612","   0","   0","   0","   0","   0","   0","   0"," 945","   0","   0","   0","   0","1367","   0","   0","   0","   0","   0","  13"," 251","   0","   0","   0","  94","   0","   0","   0"," 311","   0","   0","   0","1207"
"SC552959","   12","    0","    0","    0","    0","    5","    0","    0","    0","    0","    0","    0","    0","    0","    0","  214","   57","    0","    0","   18","    0","    0","    0","    0","    0","    0","    1","    0","   18","    0","    0","    0","    0","    0","    0","    0","    0","    0","    0","    0","   16","    0","   23","    0","    0","    0","18940","    0","    0","    0","    4","    0","    0","    0","    0","    0","    0","    0","    0","    0","    0","    0","    0","    0","    0","    0","    0","    0","    0","    0","    0","    0","    0","    0","    0","  610","    0","    0","    0","   29","    0","    0","   33","    0","    0","    0","    0","    0","    2","    0","    0","    0","    0"
"SC552960","   0","   0","   0","   0","   0","   0","   0","   0","   0","   0","   0","   0","   0","   0","   0","1690","   0","   0","   0","   0","   0","   0","   0","   0","   0","   0","   0","   0","   0","   0","   0","   0","   0","   0","   0","   0","   0","   0","   0","3045","4782","   0","   0","   0","   0","   2","5339","   0","   0","   0","   0"," 887","   0","   0","   0","   0","   0","   0","   0","   0","   0","   0","   0","   0","   0","   0","   0","   0","   0","   0","   0","   0","   0","   0","   0","2145","   0","   0","   0","   0","   0","   0","   0","   0","   0","   0","   0","2106","   0","   0","   0","   0","   0"
"SC552961","    0","    0","    0","    0","    0","    0","    0","    0","    0","    0","    0","    0","    0","    0","    0","  659","    4","    0","    0","    0","    0","    0","    0","    0","    0","    0","    0","    0","    6","    0","    0","    0","    0","    0","    0","    0","    0","    0","    0","   15","  158","    0","    6","    0","    0","    0","14119","    0","    0","    0","    0","    5","    0","    0","    0","    0","    0","    0","    0","    0","    0","    0","    0","    0","    0","    0","    0","    0","    0","    0","    0","    0","    0","    8","    0"," 5008","    0","    0","    0","    0","    0","    0","    0","    0","    0","    0","    0","    7","    0","    0","    0","    0","    0"
"SC552962","2875","  11","   0","   0","   0","1384","  58","   9","   0","   0","   0","  12","   0","   0","   0","   0","4620","  14","  40","1029","   0","   0","   0","   0","   0","  52","   5","   0"," 270","   0","   8","   0","   0","   0","   0","   0"," 124","   0","   0","  18","   0","   0","2200","   0","   0","   0","3182","   0","   0","  26"," 308","   0","   0","   0","   0","   0","   0","   0","   0","   0","   8","  36","   0"," 649","   3","   0"," 234","   0","   0","   0","  90","   0","   0","   0","   0","   0","   0","   0","   0"," 558","   0","   0","1917","   0","   0","   0","   0","   0","   0","   0"," 171","   0","   0"
"SC552966","1611","   0","   0","   0","   0","   0","  83","   0","   0","   0","   0","  19","   0","   0","   0","   0","1876"," 164","   0"," 476","   0","   0","   0","   0","   0","  11","  51","   4"," 547","   0","   8","   0","   0","   0","   0"," 508","  80","   0","   0","   0","   3","   0","3263","   0","   0","   2","1296","   0","   0","   3"," 217"," 363","   0","   0","   0","   0","   0","   3","   0","   0","   0","   0","   0"," 281","   0","   0"," 460","   0","   0","   0","   0","   0","   0","7120","   0","   2","   0","   0","   0"," 790","   0","   0"," 351","   0","   0","  24","   0","   1","  35","   0"," 290","   0","   0"
"SC552974","   0","   0","   0","   0","   0","   0","   0","   0","   0","   0","   0","   0","   0","   0","   0","1338","   0","   0","   0","   0","   0","   0","   0","   0","   0","   0","   0","   0","   0","   0","   0","   0","   0","   0","   0","   0","   0","   0","   0","2750","5176","   0","   0","   0","   0","   0","6434","   0","   0","   0","   0"," 877","   0","   0","   0","   0","   0","   0","   0","   0","   0","   0","   0","   0","   0","   0","   0","   0","   0","   0","   0","   0","   0","   0","   0","1251","   0","   0","   0","   0","   0","   0","   0","   0","   0","   0","   0","2168","   0","   0","   0","   0","   0"
"SC552975","    0","    0","    0","    0","    0","    2","    0","    0","    0","    0","    0","    0","    0","    0","    0","  755","    0","    0","    0","    0","    0","    0","    0","    0","    0","    0","    0","    0","    0","    0","    0","    0","    0","    0","    0","    0","    0","    0","    0","  274","  837","    0","    6","    0","    0","    0","15048","    0","    0","    0","    0","   86","    0","    0","    0","    0","    0","    0","    0","    0","    0","    0","    0","    0","    0","    0","    0","    0","    0","    0","    0","    0","    0","    0","    0"," 2723","    0","    0","    0","    4","    0","    0","    3","    0","    0","    0","    0","  256","    0","    0","    0","    0","    0"
"SC552980","1278","   0","   0","   0","   0","   0","  23","   0","   0","   0","   0","  12","   0","   0","   0","   0"," 872"," 208","   0","1761","   0","   0","   0","   0","   0","  23","   0","   0"," 902","   0","   0","   0","   0","   0","   0"," 137"," 216","   0","   0","   0","   0","   0","2353","   0","   0","   0","1512","   0","   0","   0"," 184"," 359","   0","   0","   0","   0","   0","   0","   0","   0","   0","   0","   0","  57","   0","   0"," 161","   0","   0","   0","   0","   0","   0","8265","   0","   0","   0","   0","   0"," 505","   0","   0"," 934","   0","   0","  53","   0","   0","  77","   0","  62","   0","   0"
"SC552982","1655","   0","   0","   0","   0","  21","   0","   0","   0","   0","   0","   0","   0","   0","   0"," 515","   0"," 695","   0","  57","   0","   0","1108","  30","   0","   0","   0","   0","  19","   0","   0","   0","   0","   0","   0","   0","   0","  35"," 758","   0","   0","   0","  50"," 954","2258","   0","2868","   0","   0","   0","   0","   0","   0"," 742","   0","   0","   0","   0","   0","   0","3603","   0","   0","   0","   0","   0","   0","   0"," 826","   0","   0","   0","   0"," 762","   0","   0","   0","   0","   0","  35","1047","   0","  34","   0","  33","   0","   0","   0"," 920","   0","   0","   0"," 952"
"SC552987","   0","   0","   0","   0","   0","   0","   0","   0","   0","   0","   0","   0","   0","   0","   0","2669","   0","   0","   0","   0","   0","   0","   0","   0","   0","   0","   0","   0","   0","   0","   0","   0","   0","   0","   0","   0","   0","   0","   0","1657","3503","   0","   0","   0","   0","   0","6205","   0","   0","   0","   0","1572","   0","   0","   0","   0","   0","   0","   0","   0","   0","   0","   0","   0","   0","   0","   0","   0","   0","   0","   0","   0","   0","   5","   0"," 465","   0","   0","   0","   0","   0","   0","   0","   0","   0","   0","   0","3918","   0","   0","   0","   0","   0"
"SC552988","    0","    0","    0","    0","    0","    0","    0","    0","    0","    0","    0","    0","    0","    0","    0","  193","    0","    0","    0","    0","    0","    0","    0","    0","    0","    0","    0","    0","    0","    0","    0","    0","    0","    0","    0","    0","    0","    0","    0","    0","   25","    0","    1","    0","    0","    0","19380","    0","    0","    0","    0","    0","    0","    0","    0","    0","    0","    0","    0","    0","    0","    0","    0","    0","    0","    0","    0","    0","    0","    0","    0","    0","    0","    3","    0","  382","    0","    0","    0","    9","    0","    0","    0","    0","    0","    0","    0","    2","    0","    0","    0","    0","    0"
"SC552990","    2","    0","    0","    0","    0","    5","    0","    0","    0","    0","    0","    0","    0","    0","    0","  142","    0","    0","    0","   27","    0","    0","    0","    0","    0","    0","    0","    0","   12","    0","    0","    0","    0","    0","    0","    0","    0","    0","    0","    0","   18","    0","   37","    0","    0","    0","19352","    0","    0","    0","    0","    0","    0","    0","    0","    0","    0","    0","    0","    0","    0","    0","    0","    0","    0","    0","    0","    0","    0","    0","    0","    0","    0","    0","    0","  356","    0","    0","    0","   20","    0","    0","   19","    0","    0","    0","    0","    0","    0","    0","    0","    0","    0"
"SC552991","1467","   0","   0","   0","   0"," 676","  21","   0","   0","   0","   0","  33","   0","   0","   0","   0"," 552","  57","  17","2804","   0","   0","   0","   0","   8","  77","   0","   0","1915","   0","   2","   0","   0","   0","   0"," 207"," 151","   0","   0","   0"," 136","  75","2969","   0","   0","   3","2683","   9","   0","   6"," 148","   9","   3","   0","   0","   0","   0","   0","   0","   0","   0","   6","   0"," 204","   5","   0","  62","   0","   0","   0","  39","   0","   0","  84","   0","   0","   0","   0","   0","1649","   0","   0","3241","   2","   0","   5","   0","   0"," 532","   0","  23","   6","   0"
"SC552995","1740","   0","   0","   2","   0"," 727","  74","   4","   0","   0","   0","  35","   0","   0","   0"," 173","4391","   0","  15","2003","   0","  15","   0","   0","   2","  60","   0","   0"," 879","   0","   6","   2","   0","   3","   0","  24"," 212","   0","   0"," 153"," 196","   2","1749","   0","   0","   0","3106","   5","   0","   6"," 277","  60","   2","   0","   1","   0","   0","   0","   0","   0","   0","   0","   0"," 209","   3","   0"," 119","   0","   0","   0"," 105","   0","   0","  49","   0","  33","   0","   0","   0"," 914","   0","   0","2021","   0","   0","   3","   0"," 159"," 239","   1","  73","   2","   2"
"SC552997","2891","   0","   0","   0","   0","   5","   0","   0","   0","   0","   0","   0","   0","   0","   0"," 753","  13"," 721","   0","  52","   0","   0","1702","  52","   0","   0","   0","   0","  13","   0","   0","   0","   0","   0","   0","  18","   7","  71","1017","   0","   6","   0","  50"," 900"," 321","   0","4309","   0","   0","   0","   0","   2","   0"," 996","   0","   0","   0","   0","   0","   0","2035","   0","   0","   0","   0","   0","   0","   0"," 662","   0","   0","   0","   0","1393","   0","   0","   0","   0","   0","  24"," 886","   0","  26","   0","  25","   0","   0","   0"," 284","   0","   0","   0"," 740"
"SC553002","   7","   0","   0","   0","   0","   7","   2","   0","   0","   0","   0","   0","   0","   0","   0","2703","  71","   0","   0","  29","   0","   0","   0","   0","   0","   0","   0","   0","   3","   0","   0","   0","   0","   0","   0","   0","   0","   0","   0","2324","3778","   0","  23","   0","   0","   0","5396","   0","   0","   0","   3","1772","   0","   0","   0","   0","   0","   0","   0","   0","   0","   0","   0","   0","   0","   0","   0","   0","   0","   0","   0","   0","   0","   6","   0"," 763","   0","   0","   0","  13","   0","   0","  32","   0","   0","   0","   0","3055","   0","   0","   0","   0","   0"
"SC553003","   28","    0","    0","    0","    0","   21","    5","    0","    0","    0","    0","    0","    0","    0","    0","  477","  106","    0","    0","   49","    0","    0","    0","    0","    0","    2","    0","    0","   20","    0","    0","    0","    0","    0","    0","    0","    4","    0","    0","   52","  213","    0","   53","    0","    0","    0","17060","    0","    0","    0","    8","   42","    0","    0","    0","    0","    0","    0","    0","    0","    0","    0","    0","    9","    0","    0","    5","    0","    0","    0","    0","    0","    0","    7","    0"," 1676","    0","    0","    0","   18","    0","    0","   55","    0","    0","    0","    0","   56","    4","    0","    0","    0","    0"
"SC553004","1922","   0","   0","   0","   0","   3","  59","   0","   0","   0","   0","  23","   0","   0","   0","  53","1529"," 148","   0","1101","   0","   0","   0","   0","   0","  22","   0","   0"," 801","   0","   6","   0","   0","   0","   0"," 432"," 167","   0","   0","  31","  40","   2","2755","   0","   0","   0","2409","   4","   0","   0"," 212"," 469","   0","   0","   0","   0","   0","   8","   0","   0","   0","   0","   0"," 174","   0","   0"," 339","   0","   0","   0","   1","   0","   0","5220","   0","  43","   0","   0","   0"," 888","   0","   0"," 773","   0","   0","  53","   0","  22","  62","   0"," 157","   0","   0"
"SC553009","1975","   0","   0","   0","   0","  17"," 107","   0","   0","   0","   0","  16","   0","   0","   0","   5","1968","  73","   0"," 469","   0","   0","   5","   0","   0","  21","  18","   0"," 639","   0","   3","   0","   0","   0","   0"," 647","  68","   0","   4","   3","  10","   2","2993","   0","   0","   1","1205","   3","   0","   0"," 216"," 495","   0","   0","   0","   0","   0","   0","   0","   0","   0","   0","   0"," 150","   0","   0"," 526","   0","   1","   0","   3","   0","   0","6934","   0","   0","   0","   0","   0"," 586","   0","   0"," 428","   0","   0","  28","   0","   0","  32","   0"," 279","   0","   1"
"SC553011","2283","   0","   0","   0","   0","  92","  13","   0","   0","   0","   0","   0","   0","   0","   0"," 529"," 869"," 115","   5"," 391","   0","   0","1455","  20","   0","   0","   0","   0"," 262","   0","   0","   0","   0","   0","   0","  86","  43","   8","1059","  23","  68","   0","1005","  59","  58","   0","4308","   0","   0","   0","  79","  69","   0"," 509","   0","   0","   0","   0","   0","   0"," 959","   0","   0"," 111","   0","   0"," 127","   0"," 136","   0","  25","   0","   0","4048","   0","   0","   0","   0","   0"," 645","  26","   0"," 308","   0","   0","  11","   0","  26","  41","   0","  25","   0","  47"
"SC553025","1487","   0","   0","   0","   0","  30","   3","   0","   0","   0","   0","   0","   0","   0","   0"," 986","  62","  83","   0","  20","   0","   0","1524","  38","   0","   0","   0","   0","   9","   0","   0","   0","   0","   0","   0","  39","   0","   0"," 887","   0","   7","   0"," 160","2018"," 846","   0","3241","   0","   0","   0","   5","   4","   0","1574","   0","   0","   0","   0","   0","   0","3387","   0","   0","   4","   0","   0","  12","   0"," 309","   0","   0","   0","   0","1373","   0","   0","   0","   0","   0","  35"," 136","   0","  30","   0","   0","   0","   0","   2"," 289","   0","   6","   0","1363"
"SC553030","  58","   0","   0","   0","   0","  33","   5","   0","   0","   0","   0","   0","   0","   0","   0","1656"," 462","   0","   0","  34","   0","   0","   0","   0","   0","   0","   0","   0","  26","   0","   1","   0","   0","   0","   0","   3","   7","   0","   0","2427","4894","   0","  74","   0","   0","   0","6116","   0","   0","   0","  12","1051","   0","   0","   0","   0","   0","   0","   0","   0","   0","   0","   0","   3","   0","   0","   6","   0","   0","   0","   3","   0","   0","  24","   0"," 477","   0","   0","   0","  39","   0","   0","  30","   0","   0","   0","   0","2506","   2","   0","   2","   0","   0"
"SC553031"," 881","   0","   0","   0","   0","  83","  93","   0","   0","   0","   0","  38","   0","   0","   0"," 140","5716","   6","   0"," 626","   0","  24","   0","   0","   0","   0","   6","   0"," 346","   0","   0","   0","   0","   0","   0","  18"," 118","   0","   0","  67"," 122","   0","1204","   0","   0","   0","7909","   0","   0","   0"," 183","  32","   0","   0","   0","   0","   0","   0","   0","   0","   0","   0","   0","  97","   0","   0"," 137","   0","   0","   0","  67","   0","   0"," 365","   0"," 201","   0","   0","   0"," 963","   0","   0"," 369","   0","   0","   0","   0","  36","  83","   0","  10","   0","   2"
"SC553032","1760","   0","   0","   0","   0","  73"," 116","   0","   0","   0","   0","  26","   0","   0","   0"," 116","2371","  71","   0"," 265","   0","   0"," 128","   0","   0","  15","  27","   4"," 382","   0","   5","   0","   0","   0","   0"," 425","  54","   0","  76","   0","   0","   0","2855"," 150","  66","   0","1325","   3","   0","   0"," 226"," 250","   0"," 118","   0","   0","   0","   1","   0","   0"," 272","   0","   0"," 199","   0","   0"," 512","   0","  20","   0","   2","   0","   0","6636","   0","   0","   0","   0","   0"," 598","   9","   0"," 336","   0","   0","  16","   0","   0","  56","   0"," 288","   0","  60"
"SC553033","   9","   0","   0","   0","   0","  23","   0","   0","   0","   0","   0","   0","   0","   0","   0","2942","   3","   0","   0","  69","   0","   0","   0","   0","   0","   0","   0","   0","  35","   0","   0","   0","   0","   0","   0","   1","   0","   0","   0","1693","2614","   0"," 121","   0","   0","   0","5753","   0","   0","   0","   0","1511","   0","   0","   0","   0","   0","   0","   0","   0","   0","   0","   0","   0","   0","   0","   0","   0","   0","   0","   0","   0","   0","   3","   0"," 430","   0","   0","   0","  54","   0","   0","  77","   0","   0","   0","   0","4641","   0","   0","   0","   0","   0"
"SC553035","  186","    0","    0","    0","    0","  229","    0","    0","    0","    0","    0","    0","    0","    0","    0","  181","    0","    0","    0","  818","    0","    0","    0","    0","    0","    7","   11","    0","  406","    0","    0","    0","    0","    0","    0","   12","   81","    0","    0","    0","   42","    0","  577","    0","    0","    0","15857","    0","    0","    0","    8","    3","    0","    0","    0","    0","    0","    0","    0","    0","    0","    0","    0","   23","    0","    0","    0","    0","    0","    0","    6","    0","    0","    0","    0","  310","    0","    0","    0","  486","    0","    0","  676","    0","    0","    0","    0","    2","   39","    0","    0","    0","    0"
"SC553037","   0","   0","   0","   0","   0","   0","   0","   0","   0","   0","   0","   0","   0","   0","   0","3082","   0","   0","   0","   0","   0","   0","   0","   0","   0","   0","   0","   0","   0","   0","   0","   0","   0","   0","   0","   0","   0","   0","   0","2046","2542","   0","   3","   0","   0","   0","5821","   0","   0","   0","   0","1546","   0","   0","   0","   0","   0","   0","   0","   0","   0","   0","   0","   0","   0","   0","   0","   0","   0","   0","   0","   0","   0","   0","   0"," 936","   0","   0","   0","   4","   0","   0","   0","   0","   0","   0","   0","4015","   0","   0","   0","   0","   0"
"SC553039","   31","    0","    0","    0","    0","   29","    0","    0","    0","    0","    0","    1","    0","    0","    0","  237","    0","    0","    0","  118","    0","    0","    0","    0","    0","    0","    0","    0","   96","    0","    0","    0","    0","    0","    0","    1","   16","    0","    0","    0","   45","    0","  135","    0","    0","    0","18259","    0","    0","    0","    0","    9","    0","    0","    0","    0","    0","    0","    0","    0","    0","    0","    0","    0","    0","    0","    1","    0","    0","    0","    0","    0","    0","    0","    0","  704","    0","    0","    0","   99","    0","    0","  161","    0","    0","    0","    0","   10","   25","    0","    0","    0","    0"
"SC553041","   0","   0","   0","   0","   0","   0","   0","   0","   0","   0","   0","   0","   0","   0","   0","1757","   0","   0","   0","   0","   0","   0","   0","   0","   0","   0","   0","   0","   0","   0","   0","   0","   0","   0","   0","   0","   0","   0","   0","2786","4952","   0","   0","   0","   0","   0","5818","   0","   0","   0","   0","1227","   0","   0","   0","   0","   0","   0","   0","   0","   0","   0","   0","   0","   0","   0","   0","   0","   0","   0","   0","   0","   0","   1","   0","1190","   0","   0","   0","   0","   0","   0","   8","   0","   0","   0","   0","2252","   0","   0","   0","   0","   0"
"SC553043","    0","    0","    0","    0","    0","    1","    0","    0","    0","    0","    0","    0","    0","    0","    0","  694","    3","    0","    0","    0","    0","    0","    0","    0","    0","    0","    0","    0","    0","    0","    0","    0","    0","    0","    0","    0","    0","    0","    0","    0","  136","    0","    0","    0","    8","    0","16149","    0","    0","    0","    0","    0","    0","    0","    0","    0","    0","    0","    0","    0","    0","    0","    0","    0","    0","    0","    0","    0","    0","    0","    0","    0","    0","    4","    0"," 2989","    0","    0","    0","    0","    0","    0","   10","    0","    0","    0","    0","    1","    0","    0","    0","    0","    0"
"SC553045","   0","   0","   0","   0","   0","   0","   0","   0","   0","   0","   0","   0","   0","   0","   0","1782","   0","   0","   0","   0","   0","   0","   0","   0","   0","   0","   0","   0","   0","   0","   0","   0","   0","   0","   0","   0","   0","   0","   0","2815","4771","   0","   0","   0","   0","   0","6363","   0","   0","   0","   0"," 818","   0","   0","   0","   0","   0","   0","   0","   0","   0","   0","   0","   0","   0","   0","   0","   0","   0","   0","   0","   0","   0","   0","   0","1216","   0","   0","   0","   0","   0","   0","   3","   0","   0","   0","   0","2229","   0","   0","   0","   0","   0"
"SC553048","    3","    0","    0","    0","    0","    5","    0","    0","    0","    0","    0","    0","    0","    0","    0","  371","    0","    0","    0","   14","    0","    0","    0","    0","    0","    0","    0","    0","   11","    0","    0","    0","    0","    0","    0","    0","    0","    0","    0","    0","   80","    0","   27","    0","    0","    0","15934","    0","    0","    0","    0","    0","    0","    0","    0","    0","    0","    0","    0","    0","    0","    0","    0","    0","    0","    0","    0","    0","    0","    0","    0","    0","    0","    0","    0"," 3506","    0","    0","    0","   11","    0","    0","   26","    0","    0","    0","    0","    2","    0","    0","    0","    0","    0"
"SC553049","   0","   0","   0","   0","   0","   0","   0","   0","   0","   0","   0","   0","   0","   0","   0","2643","   0","   0","   0","   0","   0","   0","   0","   0","   0","   0","   0","   0","   0","   0","   0","   0","   0","   0","   0","   0","   0","   0","   0","2280","3990","   0","   0","   0","   0","   0","5596","   0","   0","   0","   0","1341","   0","   0","   0","   0","   0","   0","   0","   0","   0","   0","   0","   0","   0","   0","   0","   0","   0","   0","   0","   0","   0","   0","   0"," 671","   0","   0","   0","   4","   0","   0","   0","   0","   0","   0","   0","3469","   0","   0","   0","   0","   0"
"SC553051","    0","    0","    0","    0","    0","    0","    0","    0","    0","    0","    0","    0","    0","    0","    0","  317","    0","    0","    0","    7","    0","    0","    0","    0","    0","    0","    0","    0","    0","    0","    0","    0","    0","    0","    0","    0","    3","    0","    0","    0","   98","    0","    0","    0","    0","    0","18036","    0","    0","    0","    0","    0","    0","    0","    0","    0","    0","    0","    0","    0","    0","    0","    0","    0","    0","    0","    0","    0","    0","    0","    0","    0","    0","    0","    0"," 1535","    0","    0","    0","    0","    0","    0","    0","    0","    0","    0","    0","    0","    0","    0","    0","    0","    0"
"SC553053"," 215","   0","   0","   0","   0","  22","   0","   0","   0","   0","   0","   9","   0","   0","   0","2709","  78","  38","   1"," 401","   0","   0","   0","   0","   0","  16","  10","   0"," 142","   0","   2","   0","   0","   0","   0","  33","  52","   0","   0","1665","3145","   0"," 373","   0","   0","   0","5029","   0","   0","   0","  30","1414","   0","   0","   2","   0","   0","   0","   0","   0","   0","   0","   0","  17","   0","   0","   6","   0","   0","   0","   0","   0","   0","  13","   0"," 920","   0","   0","   0","  79","   0","   0"," 530","   0","   0","   0","   0","2958","  30","   0","   4","   0","   0"
"SC553055","    0","    0","    0","    0","    0","    1","    0","    0","    0","    0","    0","    0","    0","    0","    0","  297","    0","    0","    0","   21","    0","    0","    0","    0","    0","    0","    0","    0","   10","    0","    0","    0","    0","    0","    0","    0","    1","    0","    0","    0","   58","    0","    8","    0","    0","    0","18601","    0","    0","    0","    0","    2","    0","    0","    0","    0","    0","    0","    0","    0","    0","    0","    0","    0","    0","    0","    0","    0","    0","    0","    0","    0","    0","    0","    0","  944","    0","    0","    0","   11","    0","    0","   24","    0","    0","    0","    0","    7","    0","    0","    0","    0","    0"
"SC553057","   2","   0","   0","   0","   0","  19","   0","   0","   0","   0","   0","   0","   0","   0","   0","1858","   4","   0","   0","  25","   0","   0","   0","   0","   0","   0","   0","   0","   7","   0","   0","   0","   0","   0","   0","   2","   0","   0","   0","2482","5180","   0","  53","   0","   0","   0","6385","   0","   0","   0","   0","1111","   0","   0","   0","   0","   0","   0","   0","   0","   0","   0","   0","   0","   0","   0","   0","   0","   0","   0","   0","   0","   0","   0","   0"," 563","   0","   0","   0","  14","   0","   0","  23","   0","   0","   0","   0","2256","   3","   0","   0","   0","   0"
"SC553061"," 277","   0","   0","   0","   0","  45","  16","   0","   0","   0","   1","   9","   0","   0","   0","1309"," 203","  28","   8"," 129","   0","   0","   0","   0","   8","   0","   8","   0","  68","   0","   0","   0","   0","   0","   0","  87","  27","   0","   0","2463","4678","  31"," 510","   0","   0","   0","6023","   0","   0","   8","  25"," 938","   0","   0","   0","   0","   0","   0","   0","   0","   0","   4","   0","  33","   0","   0","  18","   0","   0","   0","   0","   0","   0","  50","   0"," 332","   0","   0","   0","  66","   0","   0"," 342","   0","   0","   0","   0","2159","  34","   0","   0","   0","   0"
"SC553065","   0","   0","   0","   0","   0","   0","   0","   0","   0","   0","   0","   0","   0","   0","   0","4812","   0","   0","   0","   0","   0","   0","   0","   0","   0","   0","   0","   0","   0","   0","   0","   0","   0","   0","   0","   0","   0","   0","   0","1985","3549","   0","   0","   0","   0","   0","5465","   0","   0","   0","   0","1116","   0","   0","   0","   0","   0","   0","   0","   0","   0","   0","   0","   0","   0","   0","   0","   0","   0","   0","   0","   0","   0","   0","   0","1855","   0","   0","   0","   0","   0","   0","   0","   0","   0","   0","   0","1214","   0","   0","   0","   0","   0"
"SC553068","    5","    0","    0","    0","    0","    0","    0","    0","    0","    0","    0","    0","    0","    0","    0","  524","    4","    0","    0","    4","    0","    0","    0","    0","    0","    0","    0","    0","    8","    0","    0","    0","    0","    0","    0","    3","    0","    0","    0","    2","   81","    0","    9","    0","    0","    0","16163","    0","    0","    0","    0","    0","    0","    0","    0","    0","    0","    0","    0","    0","    2","    0","    0","    0","    0","    0","    0","    0","    0","    0","    0","    0","    0","    0","    0"," 3162","    0","    0","    0","    6","    0","    0","   10","    0","    0","    0","    0","    6","    0","    0","    0","    0","    0"
"SC553083","   0","   0","   0","   0","   0","   0","   0","   0","   0","   0","   0","   0","   0","   0","   0","4551","   0","   0","   0","   0","   0","   0","   0","   0","   0","   0","   0","   0","   0","   0","   0","   0","   0","   0","   0","   0","   0","   0","   0","2035","3852","   0","   0","   0","   0","   0","5642","   0","   0","   0","   0"," 932","   0","   0","   0","   0","   0","   0","   0","   0","   0","   0","   0","   0","   0","   0","   0","   0","   0","   0","   0","   0","   0","   0","   0","1877","   0","   0","   0","   0","   0","   0","   4","   0","   0","   0","   0","1101","   0","   0","   0","   0","   0"
"SC553085","    0","    0","    0","    0","    0","    1","    0","    0","    0","    0","    0","    0","    0","    0","    0","  338","    0","    0","    0","    0","    0","    0","    0","    0","    0","    0","    0","    0","    0","    0","    0","    0","    0","    0","    0","    0","    0","    0","    0","    0","   47","    0","    0","    0","    0","    2","17524","    0","    0","    0","    0","    2","    0","    0","    0","    0","    0","    0","    0","    0","    0","    0","    0","    0","    0","    0","    0","    0","    0","    0","    0","    0","    0","    6","    0"," 2073","    0","    0","    0","    0","    0","    0","    0","    0","    0","    0","    0","    2","    0","    0","    0","    0","    0"
"SC553087","   0","   0","   0","   0","   0","   0","   1","   0","   0","   0","   0","   0","   0","   0","   0","5285","   0","   0","   0","   6","   0","   0","   0","   0","   0","   0","   1","   0","   7","   0","   0","   0","   0","   0","   0","   0","   0","   0","   0","1863","3264","   0","  30","   0","   0","   0","5653","   0","   0","   0","   0","1198","   0","   0","   0","   0","   0","   0","   0","   0","   0","   0","   0","   2","   0","   0","   0","   0","   0","   0","   0","   0","   0","   0","   0","1462","   0","   0","   0","  24","   0","   0","  22","   0","   0","   0","   0","1168","   0","   0","   0","   0","   0"
"SC553089","   10","    0","    0","    0","    0","   11","    0","    0","    0","    0","    0","    0","    0","    0","    0","  493","    6","    0","    0","   78","    0","    0","    0","    0","    0","    1","    3","    0","   54","    0","    0","    0","    0","    0","    0","    0","    6","    0","    0","   24","   54","    0","   98","    0","    0","    0","17599","    0","    0","    0","    2","    9","    0","    0","    0","    0","    0","    0","    0","    0","    0","    0","    0","    0","    0","    0","    0","    0","    0","    0","    0","    0","    0","    5","    0"," 1324","    0","    0","    0","   85","    0","    0","   97","    0","    0","    0","    0","   13","    3","    0","    0","    0","    0"
"SC553091","   0","   0","   0","   0","   0","   0","   0","   0","   0","   0","   0","   0","   0","   0","   0","4054","   0","   0","   0","   0","   0","   0","   0","   0","   0","   0","   0","   0","   0","   0","   0","   0","   0","   0","   0","   0","   0","   0","   0","1838","3805","   0","   0","   0","   0","   0","5764","   0","   0","   0","   0","1676","   0","   0","   0","   0","   0","   0","   0","   0","   0","   0","   0","   0","   0","   0","   0","   0","   0","   0","   0","   0","   0","   0","   0","1736","   0","   0","   0","   0","   0","   0","   0","   0","   0","   0","   0","1116","   4","   0","   0","   0","   0"
"SC553093","    0","    0","    0","    0","    0","    0","    0","    0","    0","    0","    0","    0","    0","    0","    0","  540","    0","    0","    0","    0","    0","    0","    0","    0","    0","    0","    0","    0","    0","    0","    0","    0","    0","    0","    0","    0","    0","    0","    0","    0","   55","    0","    0","    0","    0","    0","17302","    0","    0","    0","    0","    0","    0","    0","    0","    0","    0","    0","    0","    0","    0","    0","    0","    0","    0","    0","    0","    0","    0","    0","    0","    0","    0","    0","    0"," 2100","    0","    0","    0","    0","    0","    0","    0","    0","    0","    0","    0","    0","    0","    0","    0","    0","    0"
